{
  "dynamic": {
    "dynamic_gamma_enabled": true,
    "global_step": 1,
    "last_step": {
      "epoch": 0.5,
      "gamma_beta_ratio/max": 0.2812894284725189,
      "gamma_beta_ratio/mean": 0.2812894284725189,
      "gamma_beta_ratio/min": 0.2812894284725189,
      "grad_norm": 10.643580436706543,
      "learning_rate": 0.0,
      "logits/chosen": 0.024012045934796333,
      "logits/rejected": 0.018561773002147675,
      "logps/chosen": -2.8763771057128906,
      "logps/rejected": -2.8371493816375732,
      "loss": 1.0642,
      "rewards/accuracies": 0.0,
      "rewards/chosen": -5.752754211425781,
      "rewards/margins": -0.07845544815063477,
      "rewards/rejected": -5.6742987632751465,
      "similarity/max": 0.7496845722198486,
      "similarity/mean": 0.7496845722198486,
      "similarity/min": 0.7496845722198486,
      "step": 1
    },
    "train_loss": 1.0641738176345825
  },
  "static": {
    "dynamic_gamma_enabled": false,
    "global_step": 1,
    "last_step": {
      "epoch": 0.5,
      "grad_norm": 10.647841453552246,
      "learning_rate": 0.0,
      "logits/chosen": 0.013187048956751823,
      "logits/rejected": 0.01517596747726202,
      "logps/chosen": -2.8521902561187744,
      "logps/rejected": -2.905223846435547,
      "loss": 1.2368,
      "rewards/accuracies": 1.0,
      "rewards/chosen": -5.704380512237549,
      "rewards/margins": 0.10606718063354492,
      "rewards/rejected": -5.810447692871094,
      "step": 1
    },
    "train_loss": 1.2368441820144653
  },
  "status": "PASS"
}
