{
  "dynamic_gamma_enabled": true,
  "gamma_max": 0.2925293445587158,
  "gamma_mean_values": [
    0.2925293445587158,
    0.2863449454307556,
    0.2776424288749695,
    0.27108025550842285,
    0.28287655115127563,
    0.2605389952659607
  ],
  "gamma_min": 0.2605389952659607,
  "global_step": 6,
  "grad_norm_max": 10.559185028076172,
  "grad_norm_values": [
    10.559185028076172,
    9.552311897277832,
    7.417342662811279,
    6.497774600982666,
    7.091568946838379,
    6.002791881561279
  ],
  "last_step": {
    "epoch": 1.0,
    "gamma_beta_ratio/max": 0.2605389952659607,
    "gamma_beta_ratio/mean": 0.2605389952659607,
    "gamma_beta_ratio/min": 0.2605389952659607,
    "grad_norm": 6.002791881561279,
    "learning_rate": 0.0,
    "logits/chosen": 0.006485030986368656,
    "logits/rejected": 0.0072450190782547,
    "logps/chosen": -3.6308181285858154,
    "logps/rejected": -3.5840904712677,
    "loss": 1.0469,
    "rewards/accuracies": 0.0,
    "rewards/chosen": -7.261636257171631,
    "rewards/margins": -0.09345531463623047,
    "rewards/rejected": -7.1681809425354,
    "similarity/max": 0.9156879186630249,
    "similarity/mean": 0.9156879186630249,
    "similarity/min": 0.9156879186630249,
    "step": 6
  },
  "loss_first": 1.1289,
  "loss_last": 1.0469,
  "loss_max": 1.1842,
  "loss_min": 0.9331,
  "loss_values": [
    1.1289,
    1.1842,
    0.9814,
    1.045,
    0.9331,
    1.0469
  ],
  "max_rss_mb": 608.41796875,
  "runtime_s": 0.12312405100010437,
  "similarity_max": 0.9156879186630249,
  "similarity_mean_values": [
    0.659765362739563,
    0.7092403769493103,
    0.7788605093955994,
    0.8313578367233276,
    0.7369875907897949,
    0.9156879186630249
  ],
  "similarity_min": 0.659765362739563,
  "status": "PASS",
  "train_loss": 1.0532668928305309,
  "variant": "dynamic"
}
